ID$,SHAPE$,LEFT$,TOP$,RIGHT$,BOTTOM$,Ǘpԍ,sR[h,nԍEWnԍ(ŐVN),nEn̕,pr,(s),(厚ȍ~),(Z\),ox(Enn),ܓx(Enn),5N(1993),6N(1994),7N(1995),8N(1996),9N(1997),10N(1998),11N(1999),12N(2000),13N(2001),14N(2002),15N(2003),16N(2004),17N(2005),18N(2006),19N(2007),20N(2008),21N(2009),22N(2010),23N(2011),24N(2012),25N(2013),26N(2014),27N(2015),28N(2016)
1,1135.37990208911333.7423622888498,135.379902089113,33.7423622888498,135.379902089113,33.7423622888498,100123,302066,yzc-5(22Np~),n(p~n_),Z,cӎs,ނ݂STPԂQS,ނ݂T|U,135.380,33.7424,,,,,,"80,000","79,000","75,800","72,800","70,000","67,000","64,000","61,000","59,200","57,400","55,700","53,800",,,,,,,
2,1135.41405644348134.2617308803851,135.414056443481,34.2617308803851,135.414056443481,34.2617308803851,100135,302082,yzI̐-4(22Np~),n(p~n_),Z,I̐s,r쌴UOSԂWP,,135.414,34.2617,,,,,,,,,,,,,,,,"32,200","30,600",,,,,,,
3,1135.19272498613734.2602651411276,135.192724986137,34.2602651411276,135.192724986137,34.2602651411276,100002,302015,yza̎R-2(23Np~),n(p~n_),Z,a̎Rs,EPOSPԂQ,,135.193,34.2603,,,"132,000","130,000","129,000","126,000","115,000","103,000","95,500","88,200","80,800","74,000","68,000","63,900","62,600","61,900","60,000","58,000",,,,,,
4,1135.1555422942334.2584165074784,135.15554229423,34.2584165074784,135.15554229423,34.2584165074784,100009,302015,yza̎R-9(23Np~),n(p~n_),Z,a̎Rs,hJ_VQTVԂX,,135.156,34.2584,,,,,"137,000","134,000","121,000","109,000","100,000","93,000","87,400","79,500","72,100","68,500","65,500","64,300","62,900","60,200",,,,,,
5,1135.20292707978634.2603453630669,135.202927079786,34.2603453630669,135.202927079786,34.2603453630669,100010,302015,yza̎R-10(23Np~),n(p~n_),Z,a̎Rs,Z\JPXTԂRX,,135.203,34.2604,,,,,,,,,,,,,"76,000","71,000","69,600","68,900","67,500","64,900",,,,,,
6,1135.19674637349434.2663155481562,135.196746373494,34.2663155481562,135.196746373494,34.2663155481562,100012,302015,yza̎R-12(23Np~),n(p~n_),Z,a̎Rs,OcPTRPԂPWO,,135.197,34.2663,"127,000","123,000","123,000","120,000","118,000","115,000","105,000","95,000","87,500","80,700","73,500","67,000","61,600","58,000","55,800","54,800","53,500","51,200",,,,,,
7,1135.1393429327534.250839988778,135.13934293275,34.250839988778,135.13934293275,34.250839988778,100016,302015,yza̎R-16(23Np~),n(p~n_),Z,a̎Rs,yYQXPԂQU,,135.139,34.2509,"135,000","138,000","141,000","140,000","139,000","137,000","125,000","114,000","105,000","98,000","91,300","84,700","78,200","74,700","72,100","71,300","69,800","67,600",,,,,,
8,1135.18967685298734.2100167498642,135.189676852987,34.2100167498642,135.189676852987,34.2100167498642,100018,302015,yza̎R-18(23Np~),n(p~n_),Z,a̎Rs,YmkQTTԂRS,,135.190,34.2100,"146,000","146,000","146,000","145,000","143,000","140,000","133,000","126,000","121,000","114,000","107,000","100,000","93,500","88,500","84,000","81,800","78,700","74,900",,,,,,
9,1135.10531759278234.2590442923983,135.105317592782,34.2590442923983,135.105317592782,34.2590442923983,100024,302015,yza̎R-24(23Np~),n(p~n_),Z,a̎Rs,쐼XXRԂT,,135.105,34.2591,,,,,"105,000","103,000","91,600","84,000","80,500","75,600","71,000","65,700","58,000","54,000","52,000","51,000","49,700","47,900",,,,,,
10,1135.14861017335134.2443996202949,135.148610173351,34.2443996202949,135.148610173351,34.2443996202949,100030,302015,yza̎R-30(23Np~),n(p~n_),Z,a̎Rs,mPWQԂUR,mT|T,135.149,34.2444,"138,000","136,000","137,000","135,000","132,000","130,000","118,000","108,000","101,000","94,000","86,700","80,000","72,800","69,000","67,000","66,400","64,900","62,900",,,,,,
11,1135.15721504948434.2001461336321,135.157215049484,34.2001461336321,135.157215049484,34.2001461336321,100031,302015,yza̎R-31(23Np~),n(p~n_),Z,a̎Rs,lVm؂XSQԂU,,135.157,34.2002,"174,000","170,000","170,000","166,000","163,000","160,000","151,000","142,000","136,000","129,000","121,000","112,000","104,000","97,500","94,000","90,900","87,100","83,300",,,,,,
12,1135.16568034677134.211638150051,135.165680346771,34.211638150051,135.165680346771,34.211638150051,100033,302015,yza̎R-33(23Np~),n(p~n_),Z,a̎Rs,QڂQSԂQX,Q|P|QO,135.166,34.2116,"194,000","190,000","190,000","183,000","175,000","170,000","154,000","145,000","139,000","133,000","124,000","116,000","108,000","102,000","101,000","99,900","97,900","94,700",,,,,,
13,1135.18993891446134.1774704334341,135.189938914461,34.1774704334341,135.189938914461,34.1774704334341,100036,302015,yza̎R-36(23Np~),n(p~n_),Z,a̎Rs,IO䎛JRTRԂPT,,135.190,34.1775,"146,000","144,000","144,000","142,000","141,000","140,000","132,000","127,000","125,000","122,000","117,000","110,000","102,000","96,500","93,600","91,400","86,800","82,400",,,,,,
14,1135.18393181783534.2563963794989,135.183931817835,34.2563963794989,135.183931817835,34.2563963794989,100047,302015,yza̎R-47(23Np~),n(p~n_),Z,a̎Rs,DvیÂWPԂRS,,135.184,34.2564,,,"135,000","133,000","132,000","129,000","115,000","104,000","96,200","89,000","81,800","75,200","69,000","65,600","63,500","63,000","61,200","58,300",,,,,,
15,1135.17177819419334.2095406309784,135.171778194193,34.2095406309784,135.171778194193,34.2095406309784,100075,302015,yza̎R5-22(23Np~),n(p~n_),,a̎Rs,PڂRTVԂT,P|R|PR,135.172,34.2096,,"400,000","368,000","320,000","288,000","258,000","228,000","209,000","198,000","186,000","172,000","158,000","145,000","137,000","131,000","130,000","128,000","125,000",,,,,,
16,1135.11961170958234.2594982739715,135.119611709582,34.2594982739715,135.119611709582,34.2594982739715,100013,302015,yza̎R-13*(24Np~),n(p~n_),Z,a̎Rs,cQTOԂU,,135.120,34.2595,,,,,"136,000","133,000","116,000","105,000","96,200","88,500","82,000","75,400","68,500","64,400","62,500","61,000","59,200","57,100","54,800",,,,,
17,1135.98943628393933.7283042035177,135.989436283939,33.7283042035177,135.989436283939,33.7283042035177,100130,302074,yzV{5-1(24Np~),n(p~n_),,V{s,VRڂPԂS,,135.989,33.7283,,,"345,000","341,000","335,000","326,000","308,000","265,000","232,000","210,000","194,000","175,000","157,000","140,000","119,000","112,000","105,000","96,000","88,000",,,,,
18,1135.17919761839334.0334154572804,135.179197618393,34.0334154572804,135.179197618393,34.0334154572804,100159,303615,yz5-1(24Np~),n(p~n_),,,厚󎚓쓹POTTԂV,,135.179,34.0334,,,"198,000","187,000","179,000","174,000","164,000","156,000","150,000","136,000","120,000","109,000","98,200","90,000","85,000","81,200","76,800","71,400","62,400",,,,,
19,1135.20675692817134.2233406347233,135.206756928171,34.2233406347233,135.206756928171,34.2233406347233,100021,302015,yza̎R-21(25Np~),n(p~n_),Z,a̎Rs,Ð`mTԂPW,,135.207,34.2234,"160,000","158,000","158,000","156,000","153,000","149,000","141,000","132,000","125,000","120,000","113,000","106,000","99,800","94,800","92,500","91,100","88,500","85,300","82,500","79,900",,,,
20,1135.25263433229734.1517867622372,135.252634332297,34.1517867622372,135.252634332297,34.1517867622372,100092,302023,yzC-4(25Np~),n(p~n_),Z,Cs,d䐣WWVԂV,,135.253,34.1518,"82,300","81,500","81,500","81,500","81,000","81,000","80,000","79,000","77,700","76,000","72,500","69,200","62,900","57,000","52,800","49,700","47,000","44,300","41,400","39,000",,,,
21,1135.98413152321133.6875386424828,135.984131523211,33.6875386424828,135.984131523211,33.6875386424828,100129,302074,yzV{-3(25Np~),n(p~n_),Z,V{s,O֍QڂWOVԂT,O֍Q|Q|RP,135.984,33.6875,,,"66,000","66,000","66,000","65,200","64,500","63,900","62,500","61,200","60,100","58,200","56,600","55,000","53,500","52,000","50,500","48,500","46,600","44,000",,,,
22,1135.24923590939334.0617823719408,135.249235909393,34.0617823719408,135.249235909393,34.0617823719408,100160,303666,yzLc-1(25Np~),n(p~n_),Z,Lc쒬,厚ck_QQXԂQ,,135.249,34.0618,,"61,000","61,000","61,000","61,000","61,000","60,000","59,000","58,000","56,600","55,400","51,800","49,200","47,600","47,000","46,500","45,200","43,200","40,000","37,600",,,,
23,1135.44515047426633.5689456393558,135.445150474266,33.5689456393558,135.445150474266,33.5689456393558,100175,304018,yzl-3(25Np~),n(p~n_),Z,l,uCOPUVԂP,,135.445,33.5690,,,,,,,,"23,000","22,600","22,200","21,700","21,200","20,700","20,300","20,100","19,900","19,700","19,300","18,900","18,500",,,,
24,1135.14090152430534.2603990074601,135.140901524305,34.2603990074601,135.140901524305,34.2603990074601,100053,302015,yza̎R3-1(26Np~),n(p~n_),,a̎Rs,~cUP,,135.141,34.2604,,,,,,"52,000","45,000","40,500","38,000","35,000","32,500","29,600","25,200","21,800","19,500","18,000","17,000","15,900","15,100","14,300","13,600",,,
25,1135.1879584816134.2256639388525,135.18795848161,34.2256639388525,135.18795848161,34.2256639388525,100078,302015,yza̎R5-26(26Np~),n(p~n_),,a̎Rs,RڂPXԂQ,,135.188,34.2257,"225,000","215,000","215,000","210,000","205,000","201,000","189,000","174,000","161,000","153,000","144,000","134,000","126,000","121,000","118,000","119,000","113,000","110,000","106,000","101,000","98,300",,,
26,1135.1866113301734.2173862937627,135.18661133017,34.2173862937627,135.18661133017,34.2173862937627,100080,302015,yza̎R5-25(26Np~),n(p~n_),,a̎Rs,蕽SڂPSSԂP,蕽S|R|PT,135.187,34.2174,,,"188,000","182,000","177,000","172,000","163,000","152,000","145,000","138,000","130,000","122,000","112,000","104,000","100,000","96,900","90,200","82,700","77,000","73,400","71,000",,,
27,1135.39896248661733.7555816789352,135.398962486617,33.7555816789352,135.398962486617,33.7555816789352,100124,302066,yzc-5(26Np~),n(p~n_),Z,cӎs,HÎVQOԂR,,135.399,33.7556,,,,,,,,,,,,,,"37,500","36,900","36,300","35,500","34,300","32,800","31,500","30,200",,,
28,1135.32393409027533.7823006201892,135.323934090275,33.7823006201892,135.323934090275,33.7823006201892,100172,303917,yz݂Ȃ5-2(26Np~),n(p~n_),,݂Ȃג,cPTUԂSO,,135.324,33.7823,,,,,,,,,,,,,,"58,000","56,200","54,500","52,200","49,600","46,800","44,000","41,200",,,
29,1135.43190162821333.5704991727832,135.431901628213,33.5704991727832,135.431901628213,33.5704991727832,100177,304018,yzl5-2(26Np~),n(p~n_),,l,u֌QORXԂUQO,,135.432,33.5705,,,,,,,,"40,000","39,000","38,000","37,000","36,400","35,800","35,200","34,700","34,200","33,600","32,900","32,100","31,400","29,900",,,
30,1135.97405082845933.6612873418906,135.974050828459,33.6612873418906,135.974050828459,33.6612873418906,100185,304212,yzߒqY-2(26Np~),n(p~n_),Z,ߒqY,厚Fv䎚łPXRԂQO,,135.974,33.6613,,"40,000","40,000","40,000","40,000","39,800","38,400","37,500","36,500","35,200","33,800","31,800","29,800","28,000","27,200","26,500","25,600","24,600","22,600","20,500","18,700",,,
31,1135.17471644963134.2336967365829,135.174716449631,34.2336967365829,135.174716449631,34.2336967365829,100065,302015,yza̎R5-12*(27Np~),n(p~n_),,a̎Rs,{PڂRR,,135.175,34.2337,,,,,,,,"650,000","580,000","442,000","362,000","297,000","225,000","190,000","175,000","171,000","160,000","149,000","138,000","127,000","120,000",116000,,
32,1135.21593637113234.1556764856867,135.215936371132,34.1556764856867,135.215936371132,34.1556764856867,100093,302023,yzC-5(27Np~),n(p~n_),Z,Cs,UWԂT,,135.216,34.1557,,"145,000","145,000","142,000","141,000","139,000","138,000","137,000","134,000","129,000","121,000","115,000","105,000","96,000","89,000","85,600","83,000","80,000","77,000","74,800","73,800",72900,,
33,1135.60302952093434.3379587628269,135.603029520934,34.3379587628269,135.603029520934,34.3379587628269,100107,302031,yz{5-2(27Np~),n(p~n_),,{s,KҎX_SVOԂQO,,135.603,34.3380,,,"142,000","140,000","138,000","136,000","126,000","119,000","113,000","107,000","99,500","91,200","84,000","76,000","71,000","69,800","67,900","64,300","61,000","58,800","55,300",52000,,
34,1135.5802531077834.2106616597738,135.58025310778,34.2106616597738,135.58025310778,34.2106616597738,100155,303445,yz-1(27Np~),n(p~n_),Z,쒬,厚RJVXԂSO,,135.580,34.2107,,"45,000","45,000","45,000","45,000","45,000","45,000","45,000","44,800","44,600","44,200","43,200","42,300","41,500","40,900","40,900","40,000","38,900","37,800","35,700","32,600",29700,,
35,1135.2640712664734.2725883697,135.26407126647,34.2725883697,135.26407126647,34.2725883697,100088,302015,yza̎R-41(28Np~),n(p~n_),Z,a̎Rs,㍕JOcVT,,135.264,34.2726,"43,500","43,000","43,000","43,000","43,000","43,000","42,500","42,000","41,500","41,000","40,500","39,000","36,000","33,500","31,500","30,300","29,200","28,000","26,500","25,400","24,100","22,700","21,800",
36,1135.15913334504434.1262215218754,135.159133345044,34.1262215218754,135.159133345044,34.1262215218754,100099,302023,yzC5-2(28Np~),n(p~n_),,Cs,Òc[TPԂX,,135.159,34.1262,,,"165,000","162,000","159,000","156,000","152,000","148,000","142,000","135,000","126,000","115,000","103,000","92,700","84,500","78,900","73,700","68,900","64,300","60,500","57,400","54,800","52,400",
37,1135.98836685767333.7290838943182,135.988366857673,33.7290838943182,135.988366857673,33.7290838943182,100194,302074,yzV{5-1(28Np~),n(p~n_),,V{s,VQڂQԂSO,,135.988,33.7291,,,,,,,,,,,,,,,,,,,,"72,000","65,300","62,000","57,300",
38,1135.18799518301934.2653144648241,135.187995183019,34.2653144648241,135.187995183019,34.2653144648241,100001,302015,a̎R-1,n,Z,a̎Rs,coTXUԂTS,,135.188,34.2653,"148,000","145,000","145,000","144,000","143,000","140,000","125,000","114,000","104,000","95,200","86,100","78,200","71,900","67,700","65,000","63,000","61,100","58,900","56,600","54,400","52,800","51,700","50,800","50,300"
39,1135.18352804785434.189805895993,135.183528047854,34.189805895993,135.183528047854,34.189805895993,100003,302015,a̎R-3,n,Z,a̎Rs,IO䎛FVVUWԂQX,,135.184,34.1898,"174,000","170,000","170,000","169,000","164,000","160,000","152,000","146,000","143,000","138,000","131,000","122,000","114,000","108,000","105,000","104,000","98,000","92,100","86,200","81,000","75,500","72,900","72,000","71,600"
40,1135.16783644450234.2213949676452,135.167836444502,34.2213949676452,135.167836444502,34.2213949676452,100004,302015,a̎R-4,n,Z,a̎Rs,ŃmQP,,135.168,34.2214,,,,,,,,,,,,,,,,,,"152,000","148,000","146,000","144,000","144,000","146,000","148,000"
41,1135.17658462234734.2208882216135,135.176584622347,34.2208882216135,135.176584622347,34.2208882216135,100005,302015,a̎R-5,n,Z,a̎Rs,鏠SڂPOԂQ,,135.177,34.2209,"231,000","220,000","216,000","210,000","202,000","188,000","168,000","159,000","151,000","143,000","134,000","125,000","117,000","111,000","108,000","108,000","106,000","103,000","100,000","99,000","98,200","97,700","97,300","97,300"
42,1135.17448064021334.1942754660446,135.174480640213,34.1942754660446,135.174480640213,34.1942754660446,100006,302015,a̎R-6,n,Z,a̎Rs,ảYPڂTOXԂR,ảYP|W|PS,135.174,34.1943,,,,,,,,"132,000","128,000","121,000","114,000","107,000","99,500","93,500","90,800","88,500","85,800","83,500","81,000","78,500","76,200","74,500","73,000","71,800"
43,1135.07345991820934.2750057596027,135.073459918209,34.2750057596027,135.073459918209,34.2750057596027,100007,302015,a̎R-7,n,Z,a̎Rs,쒇PQXSԂQ,,135.073,34.2750,"83,000","82,500","82,500","82,500","82,000","81,800","77,300","73,000","68,700","65,000","60,900","56,200","50,600","47,000","45,000","44,000","42,500","41,000","39,300","35,400","32,000","29,200","28,000","26,800"
44,1135.13244539729734.2543294427043,135.132445397297,34.2543294427043,135.132445397297,34.2543294427043,100008,302015,a̎R-8,n,Z,a̎Rs,||PRUԂQV,,135.132,34.2543,"130,000","130,000","132,000","129,000","128,000","125,000","114,000","104,000","95,500","87,800","80,400","74,000","67,700","63,500","61,000","60,000","58,500","56,300","53,400","51,000","48,700","47,000","45,700","45,000"
45,1135.11127234731334.2531550894917,135.111272347313,34.2531550894917,135.111272347313,34.2531550894917,100011,302015,a̎R-11,n,Z,a̎Rs,lPORVԂSQ,,135.111,34.2532,"116,000","114,000","115,000","115,000","115,000","112,000","102,000","92,800","86,200","80,000","75,500","69,000","61,500","57,000","54,500","52,000","49,500","46,300","43,600","41,200","39,000","37,600","36,600","36,300"
46,1135.13627372967534.2438702604277,135.136273729675,34.2438702604277,135.136273729675,34.2438702604277,100014,302015,a̎R-14,n,Z,a̎Rs,]QڂPOVSԂQ,]Q|P|QO,135.136,34.2439,"97,200","97,000","98,000","98,000","98,000","93,000","81,500","76,000","70,400","66,000","61,700","57,000","52,000","49,000","47,000","45,900","44,100","42,200","40,300","38,500","36,700","35,600","34,500","33,800"
47,1135.14828990242434.2569874947638,135.148289902424,34.2569874947638,135.148289902424,34.2569874947638,100015,302015,a̎R-15*,n,Z,a̎Rs,~STԂPQ,,135.148,34.2570,,,,,,,,,,,,,,,,,"61,500","59,300","56,700","53,500","51,400","50,400","50,000","49,500"
48,1135.12162903994434.2642800738641,135.121629039944,34.2642800738641,135.121629039944,34.2642800738641,100017,302015,a̎R-17,n,Z,a̎Rs,؃m{{mOVԂT,,135.122,34.2643,"112,000","110,000","110,000","108,000","107,000","105,000","95,000","87,500","83,200","78,700","72,200","66,400","59,800","55,500","53,000","51,300","49,700","47,700","45,800","44,000","43,300","42,000","40,800","40,000"
49,1135.15595587878834.2396986311196,135.155955878788,34.2396986311196,135.155955878788,34.2396986311196,100019,302015,a̎R-19,n,Z,a̎Rs,]LmPSXWԂPO,,135.156,34.2397,"140,000","138,000","138,000","134,000","133,000","129,000","117,000","106,000","99,000","92,600","86,000","78,700","72,000","68,500","66,500","65,500","63,800","61,600","59,300","57,000","55,200","54,200","53,500","52,900"
50,1135.16161886361134.2255393627031,135.161618863611,34.2255393627031,135.161618863611,34.2255393627031,100020,302015,a̎R-20*,n,Z,a̎Rs,QڂRW,,135.162,34.2256,"305,000","292,000","282,000","270,000","247,000","226,000","201,000","189,000","179,000","169,000","162,000","148,000","139,000","132,000","132,000","135,000","132,000","131,000","125,000","122,000","120,000","117,000","117,000","118,000"
51,1135.18669211566234.2412721464332,135.186692115662,34.2412721464332,135.186692115662,34.2412721464332,100022,302015,a̎R-22,n,Z,a̎Rs,VLPPXR,,135.187,34.2413,"223,000","212,000","205,000","197,000","189,000","182,000","163,000","153,000","146,000","139,000","132,000","124,000","117,000","112,000","110,000","110,000","107,000","103,000","99,000","95,300","91,400","90,000","89,800","89,900"
52,1135.19696543134.2055064270396,135.196965431,34.2055064270396,135.196965431,34.2055064270396,100023,302015,a̎R-23,n,Z,a̎Rs,cKmmRcRTԂPS,,135.197,34.2055,,,"132,000","130,000","130,000","128,000","123,000","117,000","113,000","107,000","102,000","94,700","88,000","83,200","79,300","75,300","71,500","67,100","62,900","59,000","56,500","55,400","53,900","52,900"
53,1135.19196501225534.1707012499,135.191965012255,34.1707012499,135.191965012255,34.1707012499,100025,302015,a̎R-25,n,Z,a̎Rs,lXROԂQQ,,135.192,34.1707,"158,000","155,000","155,000","154,000","152,000","148,000","141,000","136,000","133,000","129,000","122,000","113,000","105,000","98,800","95,200","92,800","90,200","86,600","83,000","79,500","76,100","73,200","72,000","70,900"
54,1135.18715969397734.2539937199075,135.187159693977,34.2539937199075,135.187159693977,34.2539937199075,100026,302015,a̎R-26,n,Z,a̎Rs,DVcQPTԂRU,,135.187,34.2540,"113,000","112,000","112,000","111,000","111,000","109,000","102,000","95,000","89,200","83,000","77,200","71,500","66,000","62,500","61,000","60,000","58,500","56,600","54,400","52,000","50,200","48,800","47,900","47,100"
55,1135.19784256612634.2277149315904,135.197842566126,34.2277149315904,135.197842566126,34.2277149315904,100027,302015,a̎R-27*,n,Z,a̎Rs,c_mȂPTQ,,135.198,34.2277,"323,000","313,000","302,000","285,000","260,000","241,000","208,000","188,000","178,000","165,000","157,000","148,000","141,000","135,000","131,000","135,000","133,000","130,000","127,000","125,000","124,000","124,000","127,000","129,000"
56,1135.23672018241234.1981271678426,135.236720182412,34.1981271678426,135.236720182412,34.1981271678426,100028,302015,a̎R-28,n,Z,a̎Rs,g玚rTXUԂQV,,135.237,34.1981,"121,000","119,000","119,000","117,000","116,000","114,000","109,000","106,000","104,000","98,100","90,800","84,000","77,500","72,200","69,000","65,800","62,000","58,000","53,600","49,000","45,500","43,100","41,400","40,300"
57,1135.16340952984434.2060931356747,135.163409529844,34.2060931356747,135.163409529844,34.2060931356747,100029,302015,a̎R-29,n,Z,a̎Rs,񗢂PڂUQOԂPO,񗢂P|P|PQ,135.163,34.2061,"147,000","146,000","146,000","141,000","139,000","137,000","127,000","120,000","115,000","110,000","104,000","98,200","92,000","87,400","83,900","81,600","78,400","75,200","71,800","68,500","65,000","63,000","61,800","61,200"
58,1135.19741900606134.2161952244928,135.197419006061,34.2161952244928,135.197419006061,34.2161952244928,100032,302015,a̎R-32,n,Z,a̎Rs,VoWTԂPS,,135.197,34.2162,"147,000","145,000","147,000","146,000","146,000","144,000","136,000","129,000","124,000","117,000","110,000","103,000","95,300","89,000","85,400","82,500","78,000","72,900","68,100","63,700","61,300","60,000","59,200","58,900"
59,1135.14953907845434.235308774645,135.149539078454,34.235308774645,135.149539078454,34.235308774645,100034,302015,a̎R-34,n,Z,a̎Rs,PڂUOQ,P|U|RQ,135.150,34.2353,"121,000","121,000","121,000","121,000","120,000","119,000","108,000","99,000","91,500","85,200","79,800","73,800","67,200","64,000","61,000","59,500","58,000","56,200","54,400","52,600","50,800","49,100","48,200","47,400"
60,1135.20839329830134.2377650381828,135.208393298301,34.2377650381828,135.208393298301,34.2377650381828,100035,302015,a̎R-35,n,Z,a̎Rs,_VXVԂU,,135.208,34.2378,"159,000","155,000","155,000","153,000","150,000","147,000","140,000","132,000","126,000","119,000","112,000","104,000","96,500","89,500","86,000","83,700","83,000","80,500","77,900","75,500","73,100","71,600","70,400","70,000"
61,1135.2402525427934.2676793798468,135.24025254279,34.2676793798468,135.24025254279,34.2676793798468,100037,302015,a̎R-37,n,Z,a̎Rs,OOłRTUԂQO,,135.240,34.2677,,"105,000","105,000","103,000","103,000","99,500","97,000","94,000","86,800","80,000","73,500","67,300","64,500","60,000","57,600","55,900","53,500","50,900","48,400","46,500","45,600","45,000","44,400","44,000"
62,1135.17324270491134.2576649904235,135.173242704911,34.2576649904235,135.173242704911,34.2576649904235,100038,302015,a̎R-38,n,Z,a̎Rs,JcPVRԂPU,,135.173,34.2577,,,,,,,,,,,,,"72,200","67,300","65,300","64,000","62,000","59,600","57,100","55,300","53,700","52,600","52,200","52,300"
63,1135.17453843347234.2056635940031,135.174538433472,34.2056635940031,135.174538433472,34.2056635940031,100039,302015,a̎R-39,n,Z,a̎Rs,SڂQPUԂT,S|P|QP,135.175,34.2057,"272,000","252,000","246,000","233,000","215,000","204,000","182,000","170,000","162,000","155,000","146,000","135,000","125,000","118,000","115,000","115,000","114,000","112,000","110,000","108,000","108,000","109,000","111,000","113,000"
64,1135.20059314810134.2640638830925,135.200593148101,34.2640638830925,135.200593148101,34.2640638830925,100040,302015,a̎R-40,n,Z,a̎Rs,Z\JRcPOUSԂR,,135.201,34.2641,,"122,000","122,000","121,000","120,000","116,000","107,000","100,000","92,000","84,600","77,500","71,100","63,800","58,700","57,000","56,000","54,700","53,000","51,400","49,900","48,500","46,200","44,400","43,100"
65,1135.28430124653834.2499123977905,135.284301246538,34.2499123977905,135.284301246538,34.2499123977905,100041,302015,a̎R-10,n,Z,a̎Rs,qgRUԂPOV,,135.284,34.2499,,"100,000","100,000","100,000","100,000","98,000","93,500","91,000","89,000","82,000","75,500","69,500","62,600","57,600","55,000","53,100","51,000","48,400","45,900","43,300","40,500","39,000","38,400","37,900"
66,1135.25533840592734.2619693708501,135.255338405927,34.2619693708501,135.255338405927,34.2619693708501,100042,302015,a̎R-2,n,Z,a̎Rs,{ƃCcPԂRQ,,135.255,34.2620,"127,000","122,000","122,000","120,000","118,000","116,000","109,000","105,000","96,900","89,000","80,900","73,600","66,200","61,000","58,700","57,000","54,000","51,300","48,800","46,500","44,400","43,000","42,500","42,100"
67,1135.21642985856834.2291751983067,135.216429858568,34.2291751983067,135.216429858568,34.2291751983067,100043,302015,a̎R-9,n,Z,a̎Rs,_˂QSWԂVW,,135.216,34.2292,"145,000","141,000","141,000","138,000","135,000","131,000","127,000","122,000","118,000","112,000","105,000","98,000","91,300","85,700","82,700","80,000","76,000","71,900","68,300","64,900","61,700","60,000","58,900","58,200"
68,1135.18625063759334.166091638718,135.186250637593,34.166091638718,135.186250637593,34.166091638718,100044,302015,a̎R-12,n,Z,a̎Rs,ьnPOTWԂQO,,135.186,34.1661,,,"130,000","129,000","129,000","127,000","121,000","116,000","113,000","109,000","99,000","89,000","82,000","76,500","73,400","71,100","67,500","63,800","60,500","57,400","54,500","52,100","50,000","48,800"
69,1135.19721593816834.2477446568112,135.197215938168,34.2477446568112,135.197215938168,34.2477446568112,100045,302015,a̎R-16,n,Z,a̎Rs,L{QQPԂSS,,135.197,34.2478,"142,000","140,000","140,000","138,000","136,000","134,000","128,000","122,000","117,000","108,000","100,000","92,300","85,200","80,000","76,000","71,600","67,300","63,200","59,200","56,200","54,000","52,100","50,000","48,100"
70,1135.15469525395134.1992541692356,135.154695253951,34.1992541692356,135.154695253951,34.1992541692356,100046,302015,a̎R-18,n,Z,a̎Rs,lm؂PQVPԂQ,,135.155,34.1993,,"118,000","118,000","117,000","117,000","116,000","109,000","103,000","99,500","94,800","89,300","83,000","77,100","71,900","70,700","69,400","65,900","62,600","59,500","56,000","52,800","50,900","49,100","47,700"
71,1135.18180288952834.2050101611602,135.181802889528,34.2050101611602,135.181802889528,34.2050101611602,100048,302015,a̎R-24,n,Z,a̎Rs,Gꎚ_VT,,135.182,34.2050,"141,000","139,000","139,000","136,000","134,000","133,000","125,000","120,000","116,000","110,000","103,000","95,800","89,000","84,700","82,200","80,100","75,300","71,000","66,900","63,500","60,700","58,800","56,600","55,300"
72,1135.16051449008834.2184288722431,135.160514490088,34.2184288722431,135.160514490088,34.2184288722431,100049,302015,a̎R-30,n,Z,a̎Rs,RQڂPTԂQ,RQ|T|QS,135.161,34.2184,,"207,000","207,000","202,000","193,000","183,000","166,000","155,000","147,000","139,000","131,000","123,000","116,000","110,000","110,000","110,000","104,000","98,300","93,800","91,800","89,800","87,800","86,700","86,800"
73,1135.17526502136234.2160147436948,135.175265021362,34.2160147436948,135.175265021362,34.2160147436948,100050,302015,a̎R-31,n,Z,a̎Rs,x~QڂTԂQQ,x~Q|W|PT,135.175,34.2160,,"242,000","234,000","226,000","214,000","205,000","187,000","176,000","166,000","157,000","148,000","138,000","130,000","126,000","126,000","126,000","125,000","121,000","117,000","114,000","113,000","113,000","115,000","117,000"
74,1135.16148888230534.254559077614,135.161488882305,34.254559077614,135.161488882305,34.254559077614,100051,302015,a̎R-33,n,Z,a̎Rs,sHVQOWԂU,,135.162,34.2546,,,"145,000","143,000","142,000","138,000","125,000","113,000","103,000","95,500","87,500","81,300","75,500","72,000","71,000","70,500","68,500","66,300","63,700","61,500","59,100","57,200","56,500","55,800"
75,1135.1714189774834.1850092923515,135.17141897748,34.1850092923515,135.17141897748,34.1850092923515,100052,302015,a̎R-36,n,Z,a̎Rs,ảYRڂPUWPԂPT,ảYR|V|Q,135.171,34.1850,,"165,000","165,000","160,000","157,000","154,000","146,000","141,000","136,000","130,000","123,000","116,000","108,000","101,000","97,000","94,100","90,600","86,500","82,600","79,500","76,300","73,200","69,600","67,200"
76,1135.18971683727934.2324064840178,135.189716837279,34.2324064840178,135.189716837279,34.2324064840178,100054,302015,a̎R5-1*,n,,a̎Rs,FcTڂTOԊO,,135.190,34.2324,,,,,,,,"833,000","790,000","682,000","618,000","562,000","531,000","507,000","512,000","528,000","527,000","507,000","489,000","470,000","444,000","438,000","438,000","438,000"
77,1135.15842784829434.1981270449059,135.158427848294,34.1981270449059,135.158427848294,34.1981270449059,100055,302015,a̎R5-2,n,,a̎Rs,lVm؂XWRԂW,,135.158,34.1981,,,,,"195,000","182,000","162,000","154,000","148,000","139,000","130,000","120,000","110,000","105,000","103,000","102,000","98,900","95,900","92,300","89,000","85,900","84,100","82,900","82,200"
78,1135.18893932834334.2280036988,135.188939328343,34.2280036988,135.188939328343,34.2280036988,100056,302015,a̎R5-3,n,,a̎Rs,cSڂPPW,,135.189,34.2280,"780,000","685,000","615,000","510,000","430,000","374,000","314,000","280,000","254,000","217,000","196,000","176,000","162,000","155,000","155,000","157,000","156,000","151,000","145,000","140,000","137,000","136,000","136,000","138,000"
79,1135.19277244183834.235450350063,135.192772441838,34.235450350063,135.192772441838,34.235450350063,100057,302015,a̎R5-4,n,,a̎Rs,cPOWԂPV(a̎R218|10|1),,135.193,34.2355,,,,,,,,,,,,"155,000","146,000","138,000","136,000","137,000","136,000","133,000","130,000","128,000","127,000","128,000","131,000","133,000"
80,1135.18031318715434.2395071837246,135.180313187154,34.2395071837246,135.180313187154,34.2395071837246,100058,302015,a̎R5-5*,n,,a̎Rs,V_UVRԂXO,,135.180,34.2395,"486,000","418,000","388,000","325,000","278,000","248,000","211,000","190,000","180,000","169,000","157,000","144,000","133,000","128,000","127,000","127,000","125,000","121,000","116,000","112,000","110,000","109,000","109,000","110,000"
81,1135.19877788754634.2151583733381,135.198777887546,34.2151583733381,135.198777887546,34.2151583733381,100059,302015,a̎R5-6,n,,a̎Rs,V΂UVԂPP,,135.199,34.2152,,,,,,,,,,,,"130,000","120,000","113,000","110,000","110,000","110,000","109,000","108,000","107,000","106,000","106,000","107,000","108,000"
82,1135.16878793676234.2321987673596,135.168787936762,34.2321987673596,135.168787936762,34.2321987673596,100060,302015,a̎R5-7,n,,a̎Rs,\OԒPQ,,135.169,34.2322,"605,000","526,000","485,000","412,000","350,000","310,000","265,000","224,000","206,000","191,000","172,000","153,000","141,000","136,000","135,000","135,000","135,000","131,000","127,000","124,000","122,000","123,000","125,000","127,000"
83,1135.17669322096134.2341987250302,135.176693220961,34.2341987250302,135.176693220961,34.2341987250302,100061,302015,a̎R5-8,n,,a̎Rs,PڂUX,,135.177,34.2342,,,,,,,,,,"378,000","330,000","289,000","250,000","220,000","205,000","205,000","200,000","195,000","186,000","179,000","173,000","170,000","170,000","171,000"
84,1135.17059539147634.2048358775367,135.170595391476,34.2048358775367,135.170595391476,34.2048358775367,100062,302015,a̎R5-9,n,,a̎Rs,QڂUVԂW,Q|X|U,135.171,34.2048,"435,000","386,000","362,000","318,000","280,000","256,000","217,000","190,000","178,000","166,000","154,000","141,000","129,000","121,000","118,000","116,000","110,000","105,000","102,000","98,900","97,000","96,500","96,300","96,300"
85,1135.17599852398834.1920408303048,135.175998523988,34.1920408303048,135.175998523988,34.1920408303048,100063,302015,a̎R5-10,n,,a̎Rs,ảYQڂTXSԂSS,ảYQ|X|TS,135.176,34.1921,,,,,"210,000","195,000","174,000","162,000","155,000","146,000","138,000","129,000","121,000","115,000","110,000","108,000","105,000","99,800","94,700","90,200","86,000","83,200","81,300","82,300"
86,1135.12499672102434.2523595331272,135.124996721024,34.2523595331272,135.124996721024,34.2523595331272,100064,302015,a̎R5-11,n,,a̎Rs,]kUڂSPXԂSUO,]kU|X|QU,135.125,34.2524,"323,000","288,000","265,000","235,000","215,000","198,000","170,000","156,000","144,000","132,000","121,000","110,000","98,500","91,000","88,300","86,300","83,600","79,200","74,300","69,900","67,600","65,700","64,000","62,500"
87,1135.16749075520334.1901875734003,135.167490755203,34.1901875734003,135.167490755203,34.1901875734003,100066,302015,a̎R5-13,n,,a̎Rs,ảYPڂPQQWԂX,ảYP|T|W,135.168,34.1902,"273,000","254,000","242,000","226,000","211,000","200,000","182,000","162,000","146,000","135,000","125,000","116,000","105,000","98,700","96,200","94,200","91,100","86,800","82,500","79,500","75,700","73,800","72,200","71,300"
88,1135.19781324032534.2298082148345,135.197813240325,34.2298082148345,135.197813240325,34.2298082148345,100067,302015,a̎R5-14,n,,a̎Rs,cRڂPԂQO,cR|P|QW,135.198,34.2298,"691,000","630,000","560,000","476,000","403,000","350,000","294,000","265,000","251,000","229,000","207,000","187,000","169,000","160,000","158,000","158,000","157,000","153,000","146,000","140,000","138,000","138,000","140,000","142,000"
89,1135.15130826020334.2207122958967,135.151308260203,34.2207122958967,135.151308260203,34.2207122958967,100068,302015,a̎R5-15,n,,a̎Rs,z`TڂVԂPQ,,135.151,34.2207,,"258,000","242,000","220,000","202,000","190,000","168,000","157,000","148,000","137,000","126,000","110,000","96,800","90,200","85,200","81,800","78,500","74,400","70,800","68,000","65,500","63,800","63,000","62,100"
90,1135.18971749172434.2226053285927,135.189717491724,34.2226053285927,135.189717491724,34.2226053285927,100069,302015,a̎R5-16,n,,a̎Rs,VUUԂV,VPO|PO,135.190,34.2226,"635,000","558,000","500,000","418,000","352,000","314,000","268,000","240,000","223,000","210,000","192,000","175,000","161,000","154,000","152,000","154,000","154,000","150,000","146,000","143,000","141,000","140,000","142,000","143,000"
91,1135.16893975140934.2213728428905,135.168939751409,34.2213728428905,135.168939751409,34.2213728428905,100070,302015,a̎R5-17,n,,a̎Rs,ʂRڂUVԊO,,135.169,34.2214,"750,000","660,000","587,000","498,000","428,000","375,000","315,000","280,000","259,000","238,000","216,000","194,000","184,000","179,000","179,000","182,000","180,000","176,000","171,000","168,000","166,000","166,000","168,000","171,000"
92,1135.18084577336534.235174708813,135.180845773365,34.235174708813,135.180845773365,34.235174708813,100071,302015,a̎R5-18,n,,a̎Rs,~mUWԂPO,,135.181,34.2352,"700,000","590,000","520,000","435,000","370,000","330,000","290,000","253,000","226,000","209,000","186,000","164,000","149,000","142,000","135,000","134,000","130,000","126,000","122,000","119,000","117,000","116,000","116,000","117,000"
93,1135.17701942215434.227766453869,135.177019422154,34.227766453869,135.177019422154,34.227766453869,100072,302015,a̎R5-19,n,,a̎Rs,OԒVV,,135.177,34.2278,,"410,000","370,000","323,000","290,000","259,000","234,000","215,000","200,000","190,000","171,000","156,000","147,000","139,000","134,000","135,000","134,000","132,000","128,000","125,000","123,000","124,000","126,000","128,000"
94,1135.17732926724434.2296122565358,135.177329267244,34.2296122565358,135.177329267244,34.2296122565358,100073,302015,a̎R5-20,n,,a̎Rs,`QڂV,,135.177,34.2296,,"1,250,000","1,150,000","960,000","816,000","685,000","590,000","510,000","465,000","397,000","330,000","273,000","228,000","214,000","210,000","212,000","210,000","202,000","193,000","185,000","181,000","181,000","184,000","186,000"
95,1135.18567219427934.1820458226474,135.185672194279,34.1820458226474,135.185672194279,34.1820458226474,100074,302015,a̎R5-21,n,,a̎Rs,IO䎛OlUQPԂP,,135.186,34.1821,,,,,,,,,"169,000","161,000","149,000","137,000","126,000","120,000","118,000","118,000","117,000","115,000","112,000","108,000","105,000","104,000","104,000","106,000"
96,1135.14449824211134.2580202942926,135.144498242111,34.2580202942926,135.144498242111,34.2580202942926,100076,302015,a̎R5-22,n,,a̎Rs,吼PTUԂP,,135.145,34.2580,,,,,,,,,,,,"108,000","96,100","90,000","88,200","87,500","85,500","81,500","75,800","72,000","69,000","67,200","66,600","66,100"
97,1135.20798508614234.2446889957095,135.207985086142,34.2446889957095,135.207985086142,34.2446889957095,100077,302015,a̎R5-23,n,,a̎Rs,POTԂQO,,135.208,34.2447,,,,,,,,,,"140,000","129,000","117,000","105,000","97,000","94,000","91,200","88,000","84,000","80,200","77,500","75,200","73,500","72,200","71,900"
98,1135.15988512221234.2207618619622,135.159885122212,34.2207618619622,135.159885122212,34.2207618619622,100079,302015,a̎R5-24,n,,a̎Rs,MÒRڂS,,135.160,34.2208,"365,000","328,000","305,000","278,000","248,000","225,000","184,000","167,000","159,000","151,000","142,000","133,000","125,000","120,000","116,000","116,000","114,000","110,000","106,000","103,000","101,000","101,000","102,000","103,000"
99,1135.15525339498434.2238124104589,135.155253394984,34.2238124104589,135.155253394984,34.2238124104589,100081,302015,a̎R9-1,n,H,a̎Rs,z`QڂRԂSO,,135.155,34.2238,"140,000","133,000","125,000","115,000","107,000","102,000","95,000","88,500","85,000","76,500","68,700","61,600","54,800","49,000","44,800","41,600","39,700","37,800","36,000","34,000","30,900","28,300","26,200","25,600"
100,1135.29707265450634.2505322738855,135.297072654506,34.2505322738855,135.297072654506,34.2505322738855,100082,302015,a̎R9-2,n,H,a̎Rs,qŒQXSԂRW,,135.297,34.2505,"80,000","75,000","75,000","75,000","74,000","73,500","70,500","68,000","66,000","60,000","54,000","48,500","43,800","40,000","36,500","34,500","32,000","29,500","27,100","25,400","23,800","22,600","21,500","20,600"
101,1135.24245121716334.2723409053491,135.242451217163,34.2723409053491,135.242451217163,34.2723409053491,100083,302015,a̎R-42,n,Z,a̎Rs,OJUVSԂPV,,135.242,34.2724,"88,000","86,500","86,500","86,200","85,500","85,500","83,800","82,000","77,500","71,500","66,000","61,000","54,500","49,500","46,500","43,900","41,500","39,000","36,400","33,900","32,100","31,300","30,600","30,200"
102,1135.22346402765534.2361845575567,135.223464027655,34.2361845575567,135.223464027655,34.2361845575567,100084,302015,a̎R-43,n,Z,a̎Rs,I{SWUԊO,,135.223,34.2362,"73,000","72,000","72,000","71,800","71,500","70,500","63,500","59,800","57,000","54,200","51,400","46,500","43,000","40,400","37,500","35,600","34,000","31,000","28,800","26,800","25,000","23,600","22,500","22,200"
103,1135.22097399789934.2136120587052,135.220973997899,34.2136120587052,135.220973997899,34.2136120587052,100085,302015,a̎R-44,n,Z,a̎Rs,OTWTԊO,,135.221,34.2136,"94,000","93,000","93,000","93,000","92,000","91,000","87,500","85,500","84,600","82,000","78,600","72,200","64,000","57,700","54,300","51,700","49,100","46,600","43,900","41,800","40,100","38,700","37,200","36,100"
104,1135.26022396054834.2038930462694,135.260223960548,34.2038930462694,135.260223960548,34.2038930462694,100086,302015,a̎R-45,n,Z,a̎Rs,RSXԂS,,135.260,34.2039,"51,000","51,000","51,000","51,000","51,000","51,000","50,500","50,200","50,000","48,700","47,000","44,700","41,000","38,100","36,500","35,000","33,200","31,500","29,700","28,600","27,800","27,200","26,600","26,200"
105,1135.21364856307534.1858160312156,135.213648563075,34.1858160312156,135.213648563075,34.1858160312156,100087,302015,a̎R-46,n,Z,a̎Rs,~쎚{_SXRԂP,,135.214,34.1858,"51,000","50,500","50,500","50,500","50,500","50,000","48,500","48,000","47,500","46,500","45,100","42,100","39,000","36,500","34,300","32,700","30,700","28,500","26,500","24,500","23,100","22,000","21,000","20,300"
106,1135.21810942731134.149612221418,135.218109427311,34.149612221418,135.218109427311,34.149612221418,100089,302023,C-1,n,Z,Cs,YXO,,135.218,34.1496,"115,000","114,000","114,000","114,000","114,000","114,000","114,000","113,000","111,000","108,000","102,000","96,000","88,000","81,500","76,800","74,100","71,700","68,300","65,300","63,000","61,300","60,200","59,000","57,800"
107,1135.20297633921334.1594527714607,135.202976339213,34.1594527714607,135.202976339213,34.1594527714607,100090,302023,C-2,n,Z,Cs,D_QPTԂQR,,135.203,34.1595,,,,,,,,,,,,,"91,000","85,500","81,800","78,600","75,800","73,600","71,100","69,000","66,200","63,500","61,000","58,600"
108,1135.14882920849534.1243155082734,135.148829208495,34.1243155082734,135.148829208495,34.1243155082734,100091,302023,C-3,n,Z,Cs,ÒkSPP,,135.149,34.1243,,"50,000","50,000","50,000","50,000","50,000","49,500","49,500","49,000","48,300","47,300","45,100","42,500","40,000","37,500","35,900","34,400","32,500","30,600","29,100","27,100","25,400","23,900","22,700"
109,1135.22978932804234.1505313803309,135.229789328042,34.1505313803309,135.229789328042,34.1505313803309,100094,302023,C-6,n,Z,Cs,쎚mJROVԂR,,135.230,34.1505,,,"98,000","96,500","96,000","96,000","95,500","95,000","93,500","91,100","86,800","82,900","77,200","72,500","67,500","64,000","60,700","57,400","54,000","51,300","48,500","46,900","45,600","44,500"
110,1135.21841169598834.1692580087772,135.218411695988,34.1692580087772,135.218411695988,34.1692580087772,100095,302023,C-7,n,Z,Cs,cRVVPԂP,,135.218,34.1693,,,,,,,,,,,,,"49,700","46,800","44,600","42,800","41,100","39,000","37,000","35,000","33,100","31,800","30,600","29,600"
111,1135.29232479319634.1604465797235,135.292324793196,34.1604465797235,135.292324793196,34.1604465797235,100096,302023,C-8,n,Z,Cs,am{mOQUԂU,,135.292,34.1605,,,,,,,,,,,,,,,,,,"25,700","24,900","24,200","23,500","23,100","22,600","22,200"
112,1135.15106461098334.1083903565789,135.151064610983,34.1083903565789,135.151064610983,34.1083903565789,100097,302023,C-9,n,Z,Cs,ÒqPSUSԂPQ,,135.151,34.1084,,"80,000","80,000","79,800","79,600","79,000","78,000","77,000","76,100","74,800","73,000","70,500","67,000","64,000","60,500","57,500","54,800","52,700","51,000","49,000","47,500","46,200","45,000","44,000"
113,1135.21159175896634.1546325054865,135.211591758966,34.1546325054865,135.211591758966,34.1546325054865,100098,302023,C5-1,n,,Cs,{TRVԂU,,135.212,34.1546,,,"478,000","410,000","373,000","340,000","297,000","267,000","246,000","224,000","205,000","188,000","172,000","158,000","146,000","139,000","133,000","127,000","123,000","120,000","119,000","118,000","116,000","113,000"
114,1135.22275389144634.1534330555068,135.222753891446,34.1534330555068,135.222753891446,34.1534330555068,100100,302023,C5-3,n,,Cs,쒆SVOԂS,,135.223,34.1534,,,,,,,,,,,,,,,,,,"91,000","86,800","83,500","81,700","80,800","80,000","79,000"
115,1135.61571737819134.3204035018705,135.615717378191,34.3204035018705,135.615717378191,34.3204035018705,100101,302031,{-1*,n,Z,{s,ÍcRڂTSSԂR,ÍcR|X|PQ,135.616,34.3204,,,,,,,,,"79,000","74,000","68,500","62,500","58,500","54,500","52,000","52,000","51,000","49,000","47,000","45,500","42,800","39,900","38,500","37,400"
116,1135.61073059245334.3641157357671,135.610730592453,34.3641157357671,135.610730592453,34.3641157357671,100102,302031,{-2,n,Z,{s,IPuRڂQQRԂPRV,IPuR|W|PR,135.611,34.3641,"114,000","114,000","114,000","113,000","112,000","111,000","105,000","99,400","91,200","80,500","70,500","61,700","54,000","50,700","47,000","45,800","44,500","42,500","40,400","39,000","37,900","36,500","38,500","35,400"
117,1135.62632214039134.3193104060887,135.626322140391,34.3193104060887,135.626322140391,34.3193104060887,100103,302031,{-3,n,Z,{s,c͐]QTT,,135.626,34.3193,,,,,,,,,,,,,"53,000","49,000","46,500","45,800","44,300","41,700","39,500","37,900","35,700","34,000","32,800","31,900"
118,1135.57452009238134.3056428695342,135.574520092381,34.3056428695342,135.574520092381,34.3056428695342,100104,302031,{-4,n,Z,{s,pXUSԂP,,135.575,34.3057,,"62,000","62,000","62,000","61,000","59,800","58,000","56,100","54,400","51,500","47,500","43,700","40,000","36,400","34,000","33,000","32,000","30,600","29,200","28,300","27,400","26,500","25,600","24,900"
119,1135.55715446409934.2983848515,135.557154464099,34.2983848515,135.557154464099,34.2983848515,100105,302031,{-5,n,Z,{s,㓈UԂPQ,,135.557,34.2984,,,,,,"78,000","74,000","70,400","66,900","62,900","57,800","52,900","48,200","43,800","41,500","40,500","39,300","37,500","35,700","34,400","33,200","32,400","31,800","31,200"
120,1135.61013589919434.3163352926068,135.610135899194,34.3163352926068,135.610135899194,34.3163352926068,100106,302031,{5-1,n,,{s,ƂSڂSPԂR,ƂS|PV|W,135.610,34.3163,,,,,"198,000","190,000","175,000","161,000","150,000","139,000","126,000","110,000","99,000","89,100","83,000","81,500","79,300","75,900","72,400","69,800","67,200","65,100","63,200","61,500"
121,1135.55720292449834.2996533472964,135.557202924498,34.2996533472964,135.557202924498,34.2996533472964,100108,302031,{5-3,n,,{s,cҘeUVWԂPRO,,135.557,34.2997,,,"126,000","123,000","120,000","115,000","107,000","99,700","94,700","86,200","77,500","66,500","58,000","50,000","47,000","45,800","43,900","41,900","40,000","38,500","37,000","35,600","34,400","33,500"
122,1135.12040091667934.0872510467859,135.120400916679,34.0872510467859,135.120400916679,34.0872510467859,100109,302040,Lc-1,n,Z,Lcs,WOTԂW,,135.120,34.0873,"99,000","98,000","98,000","96,000","96,000","96,000","94,500","92,000","90,200","88,200","85,700","83,000","80,300","78,000","76,400","75,000","72,900","70,000","66,100","62,000","56,400","53,100","51,000","49,200"
123,1135.11620192732234.0988096484443,135.116201927322,34.0988096484443,135.116201927322,34.0988096484443,100110,302040,Lc-2,n,Z,Lcs,lkԊPSTVԂU,,135.116,34.0988,"57,500","57,000","57,000","57,000","57,000","57,000","56,500","55,800","55,000","54,200","53,200","52,000","50,500","49,000","48,000","47,200","45,400","43,500","40,900","38,400","36,000","34,500","33,200","32,100"
124,1135.10839528717434.0789247235527,135.108395287174,34.0789247235527,135.108395287174,34.0789247235527,100111,302040,Lc-3,n,Z,Lcs,{蒬{meTPUԂS,,135.108,34.0789,,,"73,000","73,000","73,000","73,000","72,000","70,200","68,800","67,200","64,800","62,500","60,300","58,000","56,300","55,000","53,200","51,100","48,700","46,600","44,500","42,600","40,900","39,600"
125,1135.12448568631834.0852617472971,135.124485686318,34.0852617472971,135.124485686318,34.0852617472971,100112,302040,Lc5-1,n,,Lcs,DʂWVUԂT,,135.124,34.0853,"315,000","295,000","289,000","276,000","262,000","248,000","232,000","210,000","195,000","180,000","159,000","142,000","126,000","115,000","108,000","103,000","96,300","89,900","84,400","78,000","72,500","67,800","64,200","61,400"
126,1135.11990621404734.0795129169295,135.119906214047,34.0795129169295,135.119906214047,34.0795129169295,100113,302040,Lc5-2,n,,Lcs,{蒬ROԂQ,,135.120,34.0795,,,"192,000","184,000","180,000","177,000","171,000","163,000","158,000","149,000","134,000","121,000","108,000","98,500","93,600","89,200","85,600","82,100","77,700","74,000","71,500","69,100","67,000","64,500"
127,1135.15929878313833.8945996447499,135.159298783138,33.8945996447499,135.159298783138,33.8945996447499,100114,302058,V-1,n,Z,Vs,ēcPTPԂU,,135.159,33.8946,"75,000","74,000","74,000","73,600","73,600","72,800","71,800","70,400","69,500","68,100","66,800","65,500","64,000","61,300","58,800","56,700","54,400","50,600","46,900","43,900","41,100","39,000","36,900","35,000"
128,1135.16096912294233.9117837501376,135.160969122942,33.9117837501376,135.160969122942,33.9117837501376,100115,302058,V-2,n,Z,Vs,쒬xJQPXVԂPS,,135.161,33.9118,"48,000","47,000","47,000","46,500","46,500","46,400","46,200","46,000","45,500","44,900","44,200","43,400","42,500","40,700","39,000","37,700","36,200","33,500","30,900","28,700","26,700","25,100","23,700","22,600"
129,1135.16262127883233.9025128337261,135.162621278832,33.9025128337261,135.162621278832,33.9025128337261,100116,302058,V-3,n,Z,Vs,쒬m؂PXWԂP,,135.163,33.9025,,,,,,,,,,,,,,,,,"52,200","48,500","44,900","41,800","39,000","36,800","34,700","33,300"
130,1135.15473730181133.8905210089936,135.154737301811,33.8905210089936,135.154737301811,33.8905210089936,100117,302058,V5-1,n,,Vs,V؂QRQԂS,,135.155,33.8905,"184,000","177,000","175,000","170,000","166,000","163,000","157,000","152,000","146,000","137,000","129,000","121,000","112,000","101,000","91,500","86,100","80,000","72,500","66,200","62,000","58,000","55,000","52,100","49,500"
131,1135.15988054428433.9002804526507,135.159880544284,33.9002804526507,135.159880544284,33.9002804526507,100118,302058,V5-2,n,,Vs,쒬󎝔V{WRPԂRO,,135.160,33.9003,,,,,,,,,,,,,,,,,,"84,500","78,800","75,100","71,700","69,300","67,300","66,300"
132,1135.39289937509733.7309714078171,135.392899375097,33.7309714078171,135.392899375097,33.7309714078171,100119,302066,c-1*,n,Z,cӎs,VPPQTԂUS,VQ|U,135.393,33.7310,,,"112,000","112,000","115,000","115,000","115,000","111,000","108,000","105,000","103,000","101,000","99,300","97,700","94,000","91,100","87,600","84,000","80,000","78,000","80,100","83,800","92,000","100,000"
133,1135.37258825874733.7361796614078,135.372588258747,33.7361796614078,135.372588258747,33.7361796614078,100120,302066,c-2,n,Z,cӎs,ÔQSԂPO,ÔW|R,135.373,33.7362,,,,,,,,,,,,,"59,000","57,000","55,300","53,500","51,500","44,900","41,700","39,700","37,000","35,100","33,600","32,400"
134,1135.40238497783233.7066509903167,135.402384977832,33.7066509903167,135.402384977832,33.7066509903167,100121,302066,c-3,n,Z,cӎs,_QXPTԂQOR,_PX|T,135.402,33.7067,,,"97,000","97,000","97,000","97,000","96,800","93,000","89,700","86,200","82,800","79,700","76,400","73,800","70,800","68,400","66,000","63,400","60,500","58,600","57,400","57,400","61,000","63,200"
135,1135.3841262267233.7210756158275,135.38412622672,33.7210756158275,135.38412622672,33.7210756158275,100122,302066,c-4,n,Z,cӎs,ԂPWRԂQR,ԂQR|PR,135.384,33.7211,,,,,,"103,000","103,000","98,100","94,200","90,400","86,300","82,400","78,900","75,000","72,000","69,400","66,800","64,000","60,900","55,400","52,600","50,000","47,900","46,500"
136,1135.38207283331233.7301522848748,135.382072833312,33.7301522848748,135.382072833312,33.7301522848748,100125,302066,c5-1,n,,cӎs,~QPԂUO,,135.382,33.7302,"448,000","434,000","424,000","416,000","412,000","408,000","393,000","340,000","292,000","251,000","214,000","183,000","157,000","141,000","130,000","121,000","112,000","103,000","94,000","86,500","81,000","76,500","72,800","71,000"
137,1135.38281558433933.732196379145,135.382815584339,33.732196379145,135.382815584339,33.732196379145,100126,302066,c5-2,n,,cӎs,nXXTԂRO,,135.383,33.7322,,,"620,000","600,000","590,000","580,000","550,000","475,000","402,000","341,000","287,000","242,000","211,000","190,000","171,000","159,000","146,000","133,000","121,000","111,000","104,000","98,800","94,900","92,300"
138,1135.98230328420733.7202165167203,135.982303284207,33.7202165167203,135.982303284207,33.7202165167203,100127,302074,V{-1,n,Z,V{s,֏PXRSԂS,֏Q|SW,135.982,33.7202,"90,000","88,500","88,500","88,500","88,500","88,500","87,000","85,300","82,800","80,200","78,100","75,800","73,500","71,300","69,000","66,600","64,300","61,600","59,500","54,000","49,500","48,200","46,000","45,100"
139,1136.00356497588633.7224121743022,136.003564975886,33.7224121743022,136.003564975886,33.7224121743022,100128,302074,V{-2,n,Z,V{s,FnQڂTTVQԂPT,FnQ|W|PO,136.004,33.7224,"73,000","72,000","72,000","72,000","72,000","72,000","71,000","69,600","68,300","66,900","65,800","63,800","61,800","60,000","58,000","56,100","54,200","52,000","48,500","44,500","40,200","38,000","35,600","34,200"
140,1135.99177557821833.7233832009734,135.991775578218,33.7233832009734,135.991775578218,33.7233832009734,100131,302074,V{5-2,n,,V{s,̑UUXUԂQRO,̑R|T,135.992,33.7234,,,"230,000","228,000","224,000","220,000","215,000","209,000","198,000","182,000","170,000","155,000","142,000","132,000","124,000","117,000","110,000","102,000","97,000","88,000","84,100","82,800","81,500","80,200"
141,1135.36431302317534.2638753576438,135.364313023175,34.2638753576438,135.364313023175,34.2638753576438,100132,302082,I̐-1,n,Z,I̐s,œcrPQXQԂUO,,135.364,34.2639,,"100,000","100,000","96,500","95,500","91,500","85,000","81,000","77,700","72,500","68,100","62,000","56,300","52,000","49,700","47,400","45,000","42,000","39,200","36,700","34,400","33,000","32,000","31,400"
142,1135.36044615570234.2758927798543,135.360446155702,34.2758927798543,135.360446155702,34.2758927798543,100133,302082,I̐-2,n,Z,I̐s,k䎚m˂RXVԂQO,,135.360,34.2759,,,,,,,,,,,,,,,,,,"27,200","25,900","24,600","23,300","22,600","22,300","21,900"
143,1135.40745754845234.2783789912675,135.407457548452,34.2783789912675,135.407457548452,34.2783789912675,100134,302082,I̐-3,n,Z,I̐s,͎\JSWOPԂPS,,135.407,34.2784,,"89,000","89,000","88,000","86,800","86,000","80,000","75,000","70,700","66,000","61,500","56,200","51,000","46,700","44,500","42,400","40,200","37,600","35,300","33,200","30,400","28,800","27,400","26,200"
144,1135.41824501086534.2689483010554,135.418245010865,34.2689483010554,135.418245010865,34.2689483010554,100136,302082,I̐-5,n,Z,I̐s,c㓈UOԂRO,,135.418,34.2690,,,,,,,,,,,,,,,,,,"30,800","29,300","27,800","26,200","24,900","24,200","23,600"
145,1135.43814945201434.2909642711702,135.438149452014,34.2909642711702,135.438149452014,34.2909642711702,100137,302082,I̐-6,n,Z,I̐s,]쒆TOTԂP,,135.438,34.2910,,"33,000","33,000","32,800","32,800","32,800","32,000","31,500","31,000","30,400","29,800","28,800","27,500","26,000","24,500","23,100","21,600","20,000","18,900","18,000","17,300","16,800","16,300","15,800"
146,1135.35013695583734.2388261470705,135.350136955837,34.2388261470705,135.350136955837,34.2388261470705,100138,302082,I̐-7,n,Z,I̐s,RsꎚPWXԂPS,,135.350,34.2388,,,,,,,,,"62,000","58,400","54,800","51,200","47,000","43,300","41,200","39,100","37,000","34,600","32,500","30,900","28,800","27,300","26,200","25,400"
147,1135.31234838665334.2029403472593,135.312348386653,34.2029403472593,135.312348386653,34.2029403472593,100139,302082,I̐-8,n,Z,I̐s,Mu쒬mzUQTԂT,,135.312,34.2030,,,"66,000","64,800","63,500","62,800","59,000","56,500","54,600","51,500","48,400","44,800","41,400","38,500","37,000","35,700","33,500","31,100","29,200","27,800","26,000","24,700","23,900","23,200"
148,1135.30691137185334.21673465783,135.306911371853,34.21673465783,135.306911371853,34.21673465783,100140,302082,I̐-4,n,Z,I̐s,Mu쒬RSSSԂRS,,135.307,34.2167,,,"82,000","79,500","76,500","75,500","71,000","67,300","64,500","60,200","56,200","51,900","47,000","43,500","41,800","40,300","37,900","35,600","33,400","31,400","29,000","27,500","26,600","25,900"
149,1135.35969690296334.2617390099009,135.359696902963,34.2617390099009,135.359696902963,34.2617390099009,100141,302082,I̐5-1,n,,I̐s,쎚POXԂS,,135.360,34.2617,,,"200,000","190,000","174,000","168,000","155,000","145,000","135,000","126,000","117,000","100,000","86,000","78,000","72,500","68,100","63,400","58,400","54,300","50,900","47,000","44,400","43,000","41,300"
150,1135.40358699276534.2757971944139,135.403586992765,34.2757971944139,135.403586992765,34.2757971944139,100142,302082,I̐5-2,n,,I̐s,͎nQPWXԂS,,135.404,34.2758,,,"145,000","142,000","139,000","135,000","126,000","120,000","115,000","105,000","97,800","86,500","78,700","72,000","68,000","64,800","61,000","56,700","53,200","49,700","46,200","43,600","42,300","41,100"
151,1135.43417549127334.272418281293,135.434175491273,34.272418281293,135.434175491273,34.272418281293,100143,302082,I̐5-3,n,,I̐s,萼쎚mXQWUԂRO,,135.434,34.2724,,,,,,,,,,,,,,,,,,"48,400","46,100","43,600","40,500","38,800","37,300","35,600"
152,1135.34303556069534.2382800500614,135.343035560695,34.2382800500614,135.343035560695,34.2382800500614,100144,302082,I̐5-4,n,,I̐s,Rŏ㎚唨тPTVԂR,,135.343,34.2383,,,,,,,,,"64,000","60,200","56,400","52,500","48,300","45,000","43,000","40,900","38,900","36,500","34,300","32,400","30,500","29,300","28,400","27,600"
153,1135.31312691305234.2147150270613,135.313126913052,34.2147150270613,135.313126913052,34.2147150270613,100145,302082,I̐5-5,n,,I̐s,Mu쒬_ˎmRXTԂR,,135.313,34.2147,,,"162,000","155,000","146,000","141,000","132,000","124,000","117,000","109,000","101,000","92,800","84,500","77,500","73,900","70,200","65,000","59,800","55,000","50,500","46,100","42,900","41,400","40,100"
154,1135.31397741820234.2583231252047,135.313977418202,34.2583231252047,135.313977418202,34.2583231252047,100146,302091,o-1,n,Z,os,kPUԂQV,,135.314,34.2583,,"125,000","125,000","117,000","110,000","105,000","93,000","86,000","81,300","75,200","69,700","64,000","59,400","55,200","53,100","51,900","50,400","48,900","47,700","46,500","45,700","45,700","47,000","47,000"
155,1135.3077602105734.2807364500159,135.30776021057,34.2807364500159,135.30776021057,34.2807364500159,100147,302091,o-2,n,Z,os,ƉPQRQ,,135.308,34.2807,,"66,000","66,000","64,500","62,100","60,800","57,500","54,500","52,200","49,500","47,000","43,200","39,600","36,500","34,700","33,700","32,500","31,200","30,000","29,100","28,300","28,000","27,900","27,100"
156,1135.31465531770434.2604538998855,135.314655317704,34.2604538998855,135.314655317704,34.2604538998855,100148,302091,o5-1,n,,os,˖{PTUԂQ,,135.315,34.2605,,,"375,000","335,000","305,000","281,000","251,000","232,100","217,000","201,000","186,000","170,000","145,000","133,000","124,000","119,000","115,000","110,000","106,000","102,000","99,300","97,900","97,900","98,600"
157,1135.51779241471434.296202510807,135.517792414714,34.296202510807,135.517792414714,34.296202510807,100149,303411,炬-1,n,Z,炬,厚mOQTQXԂPU,,135.518,34.2962,,,,,,,,,,"68,000","64,500","59,600","55,500","51,800","49,000","48,000","46,500","43,700","41,200","40,000","38,900","37,800","36,900","36,100"
158,1135.480931200734.2783763885354,135.4809312007,34.2783763885354,135.4809312007,34.2783763885354,100150,303411,炬-2,n,Z,炬,厚ac{m{RRTԂS,,135.481,34.2784,,,,,"46,000","45,000","44,300","43,300","42,600","40,900","38,500","35,600","32,900","30,600","28,900","28,000","27,000","25,500","24,100","22,800","22,200","21,600","21,000","20,500"
159,1135.48187069832734.2895654350753,135.481870698327,34.2895654350753,135.481870698327,34.2895654350753,100151,303411,炬5-1,n,,炬,厚}cjqPOTԂR,,135.482,34.2896,,,,,,,,"95,000","89,100","84,600","78,500","67,100","59,500","53,500","50,600","50,500","49,000","46,700","44,100","42,500","40,900","39,400","38,100","36,900"
160,1135.56134274046934.2901172002619,135.561342740469,34.2901172002619,135.561342740469,34.2901172002619,100152,303437,xR-1,n,Z,xR,厚xRPRUTԂR,,135.561,34.2901,,"48,000","48,000","48,000","48,000","48,000","47,500","47,000","46,500","46,000","45,200","42,500","38,500","35,000","32,900","32,000","31,100","30,100","29,100","28,300","27,700","26,700","25,700","25,000"
161,1135.54857967171634.2964152000224,135.548579671716,34.2964152000224,135.548579671716,34.2964152000224,100153,303437,xR-2,n,Z,xR,厚@mdPPSԂTO,,135.549,34.2964,,,,,,,,"39,400","39,000","38,600","38,100","36,000","33,000","30,400","28,800","28,000","27,200","26,200","25,500","24,900","24,300","23,600","23,000","22,500"
162,1135.56451786356934.2889374759262,135.564517863569,34.2889374759262,135.564517863569,34.2889374759262,100154,303437,xR5-1,n,,xR,厚xRłTUWԂQ,,135.565,34.2889,,,"64,500","64,500","64,500","64,500","64,000","63,600","63,000","61,800","60,300","55,000","51,100","47,500","45,000","45,000","43,900","42,400","40,800","39,700","38,100","36,000","34,000","32,600"
163,1135.6085831376634.2170575337558,135.60858313766,34.2170575337558,135.60858313766,34.2170575337558,100156,303445,-2,n,Z,쒬,厚Rm@SXԂPOO,,135.609,34.2171,,"25,000","25,000","25,000","25,000","25,000","25,000","25,000","24,900","24,800","24,600","24,400","24,200","24,000","23,900","23,900","23,900","23,500","23,100","22,800","22,100","21,200","20,400","19,900"
164,1135.18285011247534.0373420982989,135.182850112475,34.0373420982989,135.182850112475,34.0373420982989,100157,303615,-1,n,Z,,厚󎚔noPXTWԂPT,,135.183,34.0374,,"79,000","79,000","78,300","78,300","78,300","77,100","75,800","74,600","72,200","70,000","67,800","65,700","63,700","62,500","61,500","59,900","56,900","51,000","47,500","44,700","42,100","39,800","37,600"
165,1135.18878464830334.035526434089,135.188784648303,34.035526434089,135.188784648303,34.035526434089,100158,303615,-2,n,Z,,厚󎚖cPSQWԂPQ,,135.189,34.0355,,"75,000","75,000","75,000","75,000","75,000","74,300","73,200","72,200","70,000","67,500","65,000","62,600","60,700","60,000","59,400","57,700","54,900","49,500","45,700","42,700","40,100","38,500","37,400"
166,1135.218977757534.0744827190137,135.2189777575,34.0744827190137,135.2189777575,34.0744827190137,100161,303666,Lc-2,n,Z,Lc쒬,厚pcQQO,,135.219,34.0745,,"46,000","46,000","46,000","46,000","46,000","45,300","44,600","44,000","43,300","42,800","42,100","41,500","40,800","40,500","40,300","39,400","37,600","35,400","33,500","31,600","29,800","28,700","27,600"
167,1135.19621325561834.0577140964795,135.196213255618,34.0577140964795,135.196213255618,34.0577140964795,100162,303666,Lc5-1,n,,Lc쒬,厚RRWԂSO,,135.196,34.0577,,,"153,000","147,000","142,000","139,000","132,000","125,000","120,000","114,000","108,000","102,000","96,300","91,000","90,500","90,100","85,200","79,800","75,200","70,000","66,400","66,400","63,800","61,800"
168,1135.14791782358233.8942584308309,135.147917823582,33.8942584308309,135.147917823582,33.8942584308309,100163,303810,a̎Rl-1,n,Z,l,厚c䎚ۈ˂QWTԂR,,135.148,33.8943,,"57,000","57,000","57,000","57,000","56,800","56,700","56,600","56,500","55,600","54,600","52,800","51,000","49,000","47,300","45,800","44,100","42,100","39,700","37,600","35,400","33,400","31,900","30,700"
169,1135.1479701675633.8849854777036,135.14797016756,33.8849854777036,135.14797016756,33.8849854777036,100164,303810,a̎Rl-2,n,Z,l,厚g叼POXOԂPW,,135.148,33.8850,,"43,500","43,500","43,500","43,500","43,500","43,500","43,500","43,500","43,000","42,400","41,300","40,000","38,500","37,100","35,900","34,500","32,600","31,000","29,500","28,000","26,700","25,600","24,600"
170,1135.15080383222633.8864303792515,135.150803832226,33.8864303792515,135.150803832226,33.8864303792515,100165,303810,a̎Rl5-1,n,,l,厚c䎚ԗTUUԂP,,135.151,33.8864,,,"110,000","107,000","105,000","103,000","102,000","100,000","98,000","95,500","90,000","84,600","79,000","72,200","66,200","64,700","62,100","57,100","53,600","50,400","47,300","44,700","42,400","40,600"
171,1135.11377625277533.9559516944491,135.113776252775,33.9559516944491,135.113776252775,33.9559516944491,100166,303836,R-1,n,Z,Rǒ,厚ˎ؏؂POOPԂPW,,135.114,33.9560,,"45,000","45,000","45,000","45,000","45,000","45,000","45,000","44,900","44,400","43,700","42,900","42,000","40,500","39,200","38,000","36,800","35,600","33,900","32,200","30,600","29,000","27,500","26,000"
172,1135.12537256025333.9618893060968,135.125372560253,33.9618893060968,135.125372560253,33.9618893060968,100167,303836,R-2,n,Z,Rǒ,厚WSTԂS,,135.125,33.9619,,"35,000","35,000","35,000","35,000","35,000","35,000","35,000","34,900","34,800","34,600","34,300","33,500","32,500","31,500","30,600","29,600","28,600","27,200","25,800","24,500","23,300","22,300","21,500"
173,1135.12659236725333.9680153398053,135.126592367253,33.9680153398053,135.126592367253,33.9680153398053,100168,303836,R5-1,n,,Rǒ,厚gHSRVԂQO,,135.127,33.9680,,,,,"64,500","64,200","63,600","63,000","62,500","61,200","59,700","57,900","56,000","52,700","50,000","47,700","45,000","42,000","39,000","36,500","33,900","31,700","30,200","29,400"
174,1135.32137286817933.7680615320929,135.321372868179,33.7680615320929,135.321372868179,33.7680615320929,100169,303917,݂Ȃ-1,n,Z,݂Ȃג,kQTP,,135.321,33.7681,,"72,000","72,000","72,000","72,000","72,000","71,000","69,600","68,200","66,600","64,700","62,400","60,000","58,000","56,100","54,100","51,900","49,400","46,800","44,000","41,400","39,400","37,500","36,500"
175,1135.32384754080833.7713842095749,135.323847540808,33.7713842095749,135.323847540808,33.7713842095749,100170,303917,݂Ȃ-2,n,Z,݂Ȃג,ŎœYUVOԂP,,135.324,33.7714,,"61,000","61,000","61,000","61,000","61,000","61,000","60,500","60,000","59,200","58,100","56,500","55,000","53,800","52,700","51,500","49,500","47,400","45,200","42,800","40,600","38,500","36,600","35,500"
176,1135.32305379011233.7657898174945,135.323053790112,33.7657898174945,135.323053790112,33.7657898174945,100171,303917,݂Ȃ5-1,n,,݂Ȃג,ŎSSUԂV,,135.323,33.7658,,,"114,000","113,000","112,000","111,000","109,000","105,000","102,000","99,000","94,000","89,000","84,000","80,500","77,100","73,900","70,000","66,400","62,500","58,100","54,500","51,600","48,900","47,500"
177,1135.34881107218933.6872752127276,135.348811072189,33.6872752127276,135.348811072189,33.6872752127276,100173,304018,l-1,n,Z,l,?cPOWWԂPO,,135.349,33.6873,,"105,000","105,000","105,000","104,000","103,000","101,000","98,000","94,300","89,000","83,400","77,500","71,300","67,200","64,000","61,100","58,000","54,800","51,600","49,000","45,600","43,200","41,300","40,000"
178,1135.38765431041533.6646445337637,135.387654310415,33.6646445337637,135.387654310415,33.6646445337637,100174,304018,l-2,n,Z,l,c⊪QVUOԂSS,,135.388,33.6647,,"66,000","66,000","66,000","66,000","66,000","65,000","63,800","61,500","58,000","55,000","52,400","48,200","45,700","43,300","41,300","39,600","37,900","36,300","35,000","34,400","33,900","33,900","34,000"
179,1135.34311422968933.6785770949795,135.343114229689,33.6785770949795,135.343114229689,33.6785770949795,100176,304018,l5-1,n,,l,lʃRVSQԂQSO,,135.343,33.6786,,,,,,,,,,,"121,000","111,000","102,000","98,800","95,500","90,300","85,700","80,900","76,000","72,800","70,100","68,000","66,900","65,900"
180,1135.42753794789933.6947561534246,135.427537947899,33.6947561534246,135.427537947899,33.6947561534246,100178,304042,xc-1,n,Z,xc,VłVXRԂP,,135.428,33.6948,,,,,,,,,,,,"47,800","46,300","44,900","43,500","42,500","41,400","40,100","38,500","37,000","36,200","35,600","35,000","34,800"
181,1135.4035810578533.7002694891435,135.40358105785,33.7002694891435,135.40358105785,33.7002694891435,100179,304042,xc-2,n,Z,xc,ȊPWOTԂSXO,ȊPX|QW,135.404,33.7003,,,,,,"71,000","69,000","66,800","64,200","60,500","56,000","51,000","46,000","44,000","41,000","38,900","36,900","33,900","31,500","29,500","28,700","28,700","29,700","30,400"
182,1135.41830374682133.6950369124537,135.418303746821,33.6950369124537,135.418303746821,33.6950369124537,100180,304042,xc5-1,n,,xc,cPSOOԂP,,135.418,33.6951,,,,,,"105,000","103,000","98,500","93,800","89,500","84,500","79,900","75,000","71,200","67,500","64,400","61,100","57,700","54,100","51,600","48,500","46,000","44,100","42,900"
183,1135.49407964442433.5480282438684,135.494079644424,33.5480282438684,135.494079644424,33.5480282438684,100181,304069,-1,n,Z,ݒ,QVSQRQ,,135.494,33.5480,,,,,,,,"39,000","38,500","37,700","36,800","35,700","34,000","32,300","31,000","30,000","29,300","28,500","27,600","26,200","24,500","23,000","21,900","21,200"
184,1135.49090594931233.5571339981789,135.490905949312,33.5571339981789,135.490905949312,33.5571339981789,100182,304069,-2,n,Z,ݒ,QR{PWQSԂP,,135.491,33.5571,,,,,,,,"17,800","17,600","17,300","17,000","16,700","16,400","16,100","16,000","15,900","15,500","14,900","14,300","13,700","13,100","12,600","12,100","11,800"
185,1135.49546060541833.5478601528913,135.495460605418,33.5478601528913,135.495460605418,33.5478601528913,100183,304069,5-1,n,,ݒ,QネnSQVQԂS,,135.495,33.5479,,,,,,,,"63,500","62,000","60,100","58,000","56,000","53,300","50,600","48,000","45,800","43,700","41,600","39,500","37,000","34,500","32,700","31,400","30,400"
186,1135.93695197502433.6339825419786,135.936951975024,33.6339825419786,135.936951975024,33.6339825419786,100184,304212,ߒqY-1,n,Z,ߒqY,厚V{VSXԂT,,135.937,33.6340,,"65,000","65,000","65,000","65,000","64,700","64,000","61,800","60,000","58,500","56,000","53,200","50,000","47,400","45,300","43,300","41,500","39,600","36,800","33,600","31,000","30,000","29,000","28,100"
187,1135.94234269488433.628331297625,135.942342694884,33.628331297625,135.942342694884,33.628331297625,100186,304212,ߒqY5-1,n,,ߒqY,厚znSڂQԂX,znS|Q|X,135.942,33.6283,,,,,,,,,,,,,,,,"103,000","92,500","82,600","72,000","62,000","55,400","52,600","50,100","47,900"
188,1135.93337062056433.5915242005218,135.933370620564,33.5915242005218,135.933370620564,33.5915242005218,100187,304221,n-1,n,Z,n,厚XYTTPԂRX,,135.933,33.5915,,"40,000","40,000","40,000","40,000","40,000","39,600","39,200","38,800","37,800","36,800","34,800","32,700","31,000","29,700","28,900","28,000","26,500","24,700","22,400","20,300","19,000","18,000","17,200"
189,1135.94483069069733.5885987875137,135.944830690697,33.5885987875137,135.944830690697,33.5885987875137,100188,304221,n-2,n,Z,n,厚nORTUXԂS,,135.945,33.5886,,"60,000","60,000","60,000","59,500","59,000","57,500","56,200","54,500","52,800","50,400","47,500","44,500","42,000","39,900","38,200","36,200","34,200","31,700","28,800","26,100","24,700","23,700","22,900"
190,1135.77955505436633.4726544352679,135.779555054366,33.4726544352679,135.779555054366,33.4726544352679,100189,304280,{-1,n,Z,{,{VŐQSTԂP,,135.780,33.4727,,,,,,,"69,000","67,800","66,500","64,200","62,000","59,900","56,000","52,400","49,500","47,300","44,900","41,800","38,800","33,900","30,400","28,400","27,000","26,000"
191,1135.81712357468533.5100004064782,135.817123574685,33.5100004064782,135.817123574685,33.5100004064782,100190,304280,{-2,n,Z,{,XSUԊO,,135.817,33.5100,,"40,000","40,000","40,000","40,000","40,000","39,600","39,200","38,800","37,800","36,400","34,300","32,200","30,300","28,900","27,700","26,400","24,800","23,100","21,000","19,100","17,700","16,700","16,000"
192,1135.78160441314233.4746991359677,135.781604413142,33.4746991359677,135.781604413142,33.4746991359677,100191,304280,{5-1,n,,{,{XSQԂQSO,,135.782,33.4747,,,"153,000","151,000","150,000","148,000","144,000","140,000","133,000","126,000","118,000","109,000","95,000","83,500","76,000","70,900","65,900","61,000","56,500","51,000","46,300","43,500","41,300","39,600"
193,1135.14713578324334.2156919997326,135.147135783243,34.2156919997326,135.147135783243,34.2156919997326,100192,302015,a̎R9-3,n,H,a̎Rs,픨؂PPPTԂSO,,135.147,34.2157,,,,,,,,,,,,,,,,,,,"24,200","22,700","21,300","20,700","19,900","19,500"
194,1135.11959271129234.2594324039612,135.119592711292,34.2594324039612,135.119592711292,34.2594324039612,100193,302015,a̎R-13*,n,Z,a̎Rs,cQTPԂPP,,135.120,34.2594,,,,,,,,,,,,,,,,,,,,"52,200","49,900","48,400","47,000","46,900"
195,1135.18114426135334.0373870463401,135.181144261353,34.0373870463401,135.181144261353,34.0373870463401,100195,303615,5-1,n,,,厚󎚓acPUPQԂP,,135.181,34.0374,,,,,,,,,,,,,,,,,,,,"53,700","50,300","47,200","44,400","42,300"
196,1135.20885104614734.2174201385307,135.208851046147,34.2174201385307,135.208851046147,34.2174201385307,100196,302015,a̎R-21,n,Z,a̎Rs,_O]cUԂTO,,135.209,34.2174,,,,,,,,,,,,,,,,,,,,,"67,000","65,300","64,900","64,700"
197,1135.22169477212834.1539774700113,135.221694772128,34.1539774700113,135.221694772128,34.1539774700113,100197,302023,C-4*,n,Z,Cs,쒆cOSVSԂTW,,135.222,34.1540,"136,000","132,000","132,000","132,000","131,000","131,000","131,000","130,000","127,000","124,000","116,000","110,000","102,000","95,500","91,000",,,,,,"79,500","78,400","78,000","77,700"
198,1135.97828010611533.6886921604013,135.978280106115,33.6886921604013,135.978280106115,33.6886921604013,100198,302074,V{-3,n,Z,V{s,O֍莚PQQOԂPO,,135.978,33.6887,,,,,,,,,,,,,,,,,,,,,"34,000","33,000","32,100","31,500"
199,1135.21217642390834.0603734481581,135.212176423908,34.0603734481581,135.212176423908,34.0603734481581,100199,303666,Lc-1,n,Z,Lc쒬,厚Ö쎚`POWVԂR,,135.212,34.0604,,,,,,,,,,,,,,,,,,,,,"46,400","46,700","46,700","46,800"
200,1135.44500466139533.5692668927601,135.445004661395,33.5692668927601,135.445004661395,33.5692668927601,100200,304018,l-3,n,Z,l,uCOPUXԂU,,135.445,33.5693,,,,,,,,,,,,,,,,,,,,,"17,400","16,500","15,700","15,200"
201,1135.18327398954234.2011530993036,135.183273989542,34.2011530993036,135.183273989542,34.2011530993036,100201,302015,a̎R5-25,n,,a̎Rs,GꎚlUSOԂRO,,135.183,34.2012,,,,,,,,,,,,,,,,,,,,,,"99,900","99,900","101,000"
202,1135.18677518670534.2616564385486,135.186775186705,34.2616564385486,135.186775186705,34.2616564385486,100202,302015,a̎R5-26,n,,a̎Rs,PmROQԂP,,135.187,34.2617,,,,,,,,,,,,,,,,,,,,,,"73,000","73,000","73,400"
203,1135.96078444437733.6595061347928,135.960784444377,33.6595061347928,135.960784444377,33.6595061347928,100203,304212,ߒqY-2,n,Z,ߒqY,厚Fv䎚bJPVROԂPTP,,135.961,33.6595,,,,,,,,,,,,,,,,,,,,,,"25,100","25,100","25,000"
204,1135.17427374825134.2311345462271,135.174273748251,34.2311345462271,135.174273748251,34.2311345462271,100204,302015,a̎R5-12,n,,a̎Rs,\ԒT,,135.174,34.2311,,,,,,,,,,,,,,,,,,,,,,,"232,000","235,000"
205,1135.21639572136134.1576332425271,135.216395721361,34.1576332425271,135.216395721361,34.1576332425271,100205,302023,C-5,n,Z,Cs,㈰POQVԂPW,,135.216,34.1576,,,,,,,,,,,,,,,,,,,,,,,"60,000","59,000"
206,1135.60555121931934.3369005799604,135.605551219319,34.3369005799604,135.605551219319,34.3369005799604,100206,302031,{5-2,n,,{s,KҎI؂PSWԂP,,135.606,34.3369,,,,,,,,,,,,,,,,,,,,,,,"47,800","47,100"
207,1135.57638878400934.2119798816192,135.576388784009,34.2119798816192,135.576388784009,34.2119798816192,100207,303445,-1,n,Z,쒬,厚R@JQUQԂPO,,135.576,34.2120,,,,,,,,,,,,,,,,,,,,,,,"30,000","29,200"
208,1135.26187488329134.2709543445009,135.261874883291,34.2709543445009,135.261874883291,34.2709543445009,100208,302015,a̎R-41,n,Z,a̎Rs,R_RSRԂR,,135.262,34.2710,,,,,,,,,,,,,,,,,,,,,,,,"21,600"
209,1135.15880333928234.1262880549295,135.158803339282,34.1262880549295,135.158803339282,34.1262880549295,100209,302023,C5-2,n,,Cs,Òc[TTԂP,,135.159,34.1263,,,,,,,,,,,,,,,,,,,,,,,,"50,600"
210,1135.98748595155733.7285231908917,135.987485951557,33.7285231908917,135.987485951557,33.7285231908917,100210,302074,V{5-1,n,,V{s,nQڂRԂQ,,135.987,33.7285,,,,,,,,,,,,,,,,,,,,,,,,"66,100"
211,1135.4319383311133.5704326820395,135.43193833111,33.5704326820395,135.43193833111,33.5704326820395,100211,304018,l5-2,n,,l,u֌QORXԂUQ,,135.432,33.5704,,,,,,,,,,,,,,,,,,,,,,,,"26,600"
212,10.004558119166088710.00615515859356303,0.00455811916608871,0.00615515859356303,0.00455811916608871,0.00615515859356303,0,0,,,,,,,0.000,0.0000,,,,,,,,,,,,,,,,,,,,,,,,
213,10.004558119166088710.00615515859356303,0.00455811916608871,0.00615515859356303,0.00455811916608871,0.00615515859356303,0,0,,,,,,,0.000,0.0000,,,,,,,,,,,,,,,,,,,,,,,,
214,10.004558119166088710.00615515859356303,0.00455811916608871,0.00615515859356303,0.00455811916608871,0.00615515859356303,0,0,,,,,,,0.000,0.0000,,,,,,,,,,,,,,,,,,,,,,,,
215,10.004558119166088710.00615515859356303,0.00455811916608871,0.00615515859356303,0.00455811916608871,0.00615515859356303,0,0,,,,,,,0.000,0.0000,,,,,,,,,,,,,,,,,,,,,,,,
216,10.004558119166088710.00615515859356303,0.00455811916608871,0.00615515859356303,0.00455811916608871,0.00615515859356303,0,0,,,,,,,0.000,0.0000,,,,,,,,,,,,,,,,,,,,,,,,
217,10.004558119166088710.00615515859356303,0.00455811916608871,0.00615515859356303,0.00455811916608871,0.00615515859356303,0,0,,,,,,,0.000,0.0000,,,,,,,,,,,,,,,,,,,,,,,,
218,10.004558119166088710.00615515859356303,0.00455811916608871,0.00615515859356303,0.00455811916608871,0.00615515859356303,0,0,,,,,,,0.000,0.0000,,,,,,,,,,,,,,,,,,,,,,,,
219,10.004558119166088710.00615515859356303,0.00455811916608871,0.00615515859356303,0.00455811916608871,0.00615515859356303,0,0,,,,,,,0.000,0.0000,,,,,,,,,,,,,,,,,,,,,,,,